data_di_misurazione;id_station;denominazione;comune;provincia;Longitude;Latitude;tipologia_di_area;tipologia_di_stazione;rete;interesse_rete;inquinante_misurato;valore_inquinante_misurato;limite;unita_misura;superamenti;indice_qualita;classe_qualita;temperatura (°C);Vento (km/h);Umidità (%)
01/05/2024;1;Carbonara;Bari;BA;16,85;41,85;Urbana;Traffico;ARPA Puglia;Locale;NO2;45,67;50;µg/m³;FALSE;55;BUONA;20;15;60
01/05/2024;2;CUS;Bari;BA;16,8711;41,105;Urbana;Traffico;ARPA Puglia;Locale;PM2.5;35,25;50;µg/m³;FALSE;62;DISCRETA;22;10;55
01/05/2024;3;Kennedy;Bari;BA;16,8722;41,107;Urbana;Fondo;ARPA Puglia;Locale;PM10;72,1;50;µg/m³;TRUE;75;SCARSA;19;12;65
01/05/2024;4;Carbonara;Bari;BA;16,85;41,0833;Urbana;Traffico;ARPA Puglia;Locale;NO2;50;50;µg/m³;TRUE;60;DISCRETA;21;8;70
01/05/2024;5;CUS;Bari;BA;16,8711;41,105;Urbana;Traffico;ARPA Puglia;Locale;PM2.5;30,5;50;µg/m³;FALSE;48;BUONA;23;20;50
02/05/2024;6;Carbonara;Bari;BA;16,85;41,0833;Urbana;Traffico;ARPA Puglia;Locale;NO2;47,1;50;µg/m³;FALSE;57;BUONA;18;5;75
02/05/2024;7;CUS;Bari;BA;16,8711;41,105;Urbana;Traffico;ARPA Puglia;Locale;PM2.5;36;50;µg/m³;FALSE;63;DISCRETA;20;18;60
02/05/2024;8;Kennedy;Bari;BA;16,8722;41,107;Urbana;Fondo;ARPA Puglia;Locale;PM10;70,5;50;µg/m³;TRUE;74;SCARSA;22;10;55
02/05/2024;9;Carbonara;Bari;BA;16,85;41,0833;Urbana;Traffico;ARPA Puglia;Locale;NO2;49,5;50;µg/m³;TRUE;59;DISCRETA;19;14;65
02/05/2024;10;CUS;Bari;BA;16,8711;41,105;Urbana;Traffico;ARPA Puglia;Locale;PM2.5;29,75;50;µg/m³;FALSE;47;BUONA;21;12;70
03/05/2024;11;Carbonara;Bari;BA;16,85;41,0833;Urbana;Traffico;ARPA Puglia;Locale;NO2;46;50;µg/m³;FALSE;56;BUONA;20;15;60
03/05/2024;12;CUS;Bari;BA;16,8711;41,105;Urbana;Traffico;ARPA Puglia;Locale;PM2.5;35,75;50;µg/m³;FALSE;62;DISCRETA;22;10;55
03/05/2024;13;Kennedy;Bari;BA;16,8722;41,107;Urbana;Fondo;ARPA Puglia;Locale;PM10;71;50;µg/m³;TRUE;75;SCARSA;19;12;65
03/05/2024;14;Carbonara;Bari;BA;16,85;41,0833;Urbana;Traffico;ARPA Puglia;Locale;NO2;48;50;µg/m³;TRUE;58;DISCRETA;21;8;70
03/05/2024;15;CUS;Bari;BA;16,8711;41,105;Urbana;Traffico;ARPA Puglia;Locale;PM2.5;30;50;µg/m³;FALSE;48;BUONA;23;20;50
04/05/2024;16;Carbonara;Bari;BA;16,85;41,0833;Urbana;Traffico;ARPA Puglia;Locale;NO2;44,5;50;µg/m³;FALSE;54;BUONA;18;5;75
04/05/2024;17;CUS;Bari;BA;16,8711;41,105;Urbana;Traffico;ARPA Puglia;Locale;PM2.5;34,5;50;µg/m³;FALSE;61;DISCRETA;20;18;60
04/05/2024;18;Kennedy;Bari;BA;16,8722;41,107;Urbana;Fondo;ARPA Puglia;Locale;PM10;72,5;50;µg/m³;TRUE;76;SCARSA;22;10;55
04/05/2024;19;Carbonara;Bari;BA;16,85;41,0833;Urbana;Traffico;ARPA Puglia;Locale;NO2;50;50;µg/m³;TRUE;60;DISCRETA;19;14;65
04/05/2024;20;CUS;Bari;BA;16,8711;41,105;Urbana;Traffico;ARPA Puglia;Locale;PM2.5;31,5;50;µg/m³;FALSE;50;BUONA;21;12;70
05/05/2024;21;Carbonara;Bari;BA;16,85;41,0833;Urbana;Traffico;ARPA Puglia;Locale;NO2;46,25;50;µg/m³;FALSE;57;BUONA;20;15;60
05/05/2024;22;CUS;Bari;BA;16,8711;41.105;Urbana;Traffico;ARPA Puglia;Locale;PM2.5;32,5;50;µg/m³;FALSE;50;BUONA;22;10;55
05/05/2024;23;Kennedy;Bari;BA;16,8722;41,107;Urbana;Fondo;ARPA Puglia;Locale;PM10;73;50;µg/m³;TRUE;77;SCARSA;19;12;65
05/05/2024;24;Carbonara;Bari;BA;16,85;41,0833;Urbana;Traffico;ARPA Puglia;Locale;NO2;49;50;µg/m³;TRUE;60;DISCRETA;21;8;70
05/05/2024;25;CUS;Bari;BA;16,8711;41,105;Urbana;Traffico;ARPA Puglia;Locale;PM2.5;31,75;50;µg/m³;FALSE;48;BUONA;23;20;50
06/05/2024;26;Carbonara;Bari;BA;16,85;41,0833;Urbana;Traffico;ARPA Puglia;Locale;NO2;47,5;50;µg/m³;FALSE;58;BUONA;18;5;75
06/05/2024;27;CUS;Bari;BA;16,8711;41,105;Urbana;Traffico;ARPA Puglia;Locale;PM2.5;33;50;µg/m³;FALSE;51;DISCRETA;20;18;60
06/05/2024;28;Kennedy;Bari;BA;16,8722;41,107;Urbana;Fondo;ARPA Puglia;Locale;PM10;71,5;50;µg/m³;TRUE;75;SCARSA;22;10;55
06/05/2024;29;Carbonara;Bari;BA;16,85;41,0833;Urbana;Traffico;ARPA Puglia;Locale;NO2;48,25;50;µg/m³;TRUE;59;DISCRETA;19;14;65
06/05/2024;30;CUS;Bari;BA;16,8711;41,105;Urbana;Traffico;ARPA Puglia;Locale;PM2.5;30,25;50;µg/m³;FALSE;47;BUONA;21;12;70
07/05/2024;31;Carbonara;Bari;BA;16,85;41,0833;Urbana;Traffico;ARPA Puglia;Locale;NO2;45,75;50;µg/m³;FALSE;55;BUONA;20;15;60
07/05/2024;32;CUS;Bari;BA;16,8711;41,105;Urbana;Traffico;ARPA Puglia;Locale;PM2.5;35,25;50;µg/m³;FALSE;62;DISCRETA;20;15;60
07/05/2024;33;Kennedy;Bari;BA;16,8722;41,107;Urbana;Fondo;ARPA Puglia;Locale;PM10;70;50;µg/m³;TRUE;74;SCARSA;22;10;55
07/05/2024;34;Carbonara;Bari;BA;16,85;41,0833;Urbana;Traffico;ARPA Puglia;Locale;NO2;49,5;50;µg/m³;TRUE;60;DISCRETA;19;12;65
07/05/2024;35;CUS;Bari;BA;16,8711;41,105;Urbana;Traffico;ARPA Puglia;Locale;PM2.5;31,5;50;µg/m³;FALSE;50;BUONA;21;8;70
08/05/2024;36;Carbonara;Bari;BA;16,85;41,0833;Urbana;Traffico;ARPA Puglia;Locale;NO2;46,5;50;µg/m³;FALSE;57;BUONA;23;20;50
08/05/2024;37;CUS;Bari;BA;16,8711;41,105;Urbana;Traffico;ARPA Puglia;Locale;PM2.5;32,75;50;µg/m³;FALSE;51;DISCRETA;18;5;75
08/05/2024;38;Kennedy;Bari;BA;16,8722;41,107;Urbana;Fondo;ARPA Puglia;Locale;PM10;73,5;50;µg/m³;TRUE;77;SCARSA;20;18;60
08/05/2024;39;Carbonara;Bari;BA;16,85;41,0833;Urbana;Traffico;ARPA Puglia;Locale;NO2;49,75;50;µg/m³;TRUE;60;DISCRETA;22;10;55
08/05/2024;40;CUS;Bari;BA;16,8711;41,105;Urbana;Traffico;ARPA Puglia;Locale;PM2.5;31,25;50;µg/m³;FALSE;48;BUONA;19;14;65
09/05/2024;41;Carbonara;Bari;BA;16,85;41,0833;Urbana;Traffico;ARPA Puglia;Locale;NO2;47;50;µg/m³;FALSE;58;BUONA;21;12;70
09/05/2024;42;CUS;Bari;BA;16,8711;41,105;Urbana;Traffico;ARPA Puglia;Locale;PM2.5;33,5;50;µg/m³;FALSE;52;DISCRETA;20;15;60
09/05/2024;43;Kennedy;Bari;BA;16,8722;41,107;Urbana;Fondo;ARPA Puglia;Locale;PM10;70,25;50;µg/m³;TRUE;75;SCARSA;22;10;55
09/05/2024;44;Carbonara;Bari;BA;16,85;41,0833;Urbana;Traffico;ARPA Puglia;Locale;NO2;48,5;50;µg/m³;TRUE;59;DISCRETA;19;12;65
09/05/2024;45;CUS;Bari;BA;16,8711;41,105;Urbana;Traffico;ARPA Puglia;Locale;PM2.5;30,5;50;µg/m³;FALSE;47;BUONA;21;8;70
10/05/2024;46;Carbonara;Bari;BA;16,85;41,0833;Urbana;Traffico;ARPA Puglia;Locale;NO2;45,5;50;µg/m³;FALSE;55;BUONA;23;20;50
10/05/2024;47;CUS;Bari;BA;16,8711;41,105;Urbana;Traffico;ARPA Puglia;Locale;PM2.5;34;50;µg/m³;FALSE;53;DISCRETA;18;5;75
10/05/2024;48;Kennedy;Bari;BA;16,8722;41,107;Urbana;Fondo;ARPA Puglia;Locale;PM10;72;50;µg/m³;TRUE;76;SCARSA;20;18;60
10/05/2024;49;Carbonara;Bari;BA;16,85;41,0833;Urbana;Traffico;ARPA Puglia;Locale;NO2;50,25;50;µg/m³;TRUE;61;DISCRETA;22;10;55
10/05/2024;50;CUS;Bari;BA;16,8711;41,105;Urbana;Traffico;ARPA Puglia;Locale;PM2.5;31,75;50;µg/m³;FALSE;49;BUONA;19;14;65
11/05/2024;51;Carbonara;Bari;BA;16,85;41,0833;Urbana;Traffico;ARPA Puglia;Locale;NO2;46,75;50;µg/m³;FALSE;56;BUONA;21;12;70
11/05/2024;52;CUS;Bari;BA;16,8711;41,105;Urbana;Traffico;ARPA Puglia;Locale;PM2.5;32,25;50;µg/m³;FALSE;50;BUONA;20;15;60
11/05/2024;53;Kennedy;Bari;BA;16,8722;41,107;Urbana;Fondo;ARPA Puglia;Locale;PM10;73,75;50;µg/m³;TRUE;77;SCARSA;22;10;55
11/05/2024;54;Carbonara;Bari;BA;16,85;41,0833;Urbana;Traffico;ARPA Puglia;Locale;NO2;49,25;50;µg/m³;TRUE;60;DISCRETA;19;12;65
11/05/2024;55;CUS;Bari;BA;16,8711;41,105;Urbana;Traffico;ARPA Puglia;Locale;PM2.5;30,25;50;µg/m³;FALSE;47;BUONA;21;8;70
12/05/2024;56;Carbonara;Bari;BA;16,85;41,0833;Urbana;Traffico;ARPA Puglia;Locale;NO2;47,25;50;µg/m³;FALSE;57;BUONA;23;20;50
12/05/2024;57;CUS;Bari;BA;16,8711;41,105;Urbana;Traffico;ARPA Puglia;Locale;PM2.5;33,75;50;µg/m³;FALSE;52;DISCRETA;18;5;75
13/05/2024;58;Carbonara;Bari;BA;16,85;41,0833;Urbana;Traffico;ARPA Puglia;Locale;NO2;46,5;50;µg/m³;FALSE;56;BUONA;20;18;60
13/05/2024;59;CUS;Bari;BA;16,8711;41,105;Urbana;Traffico;ARPA Puglia;Locale;PM2.5;34;50;µg/m³;FALSE;53;DISCRETA;22;10;55
13/05/2024;60;Kennedy;Bari;BA;16,8722;41,107;Urbana;Fondo;ARPA Puglia;Locale;PM10;72,25;50;µg/m³;TRUE;76;SCARSA;19;14;65
13/05/2024;61;Carbonara;Bari;BA;16,85;41,0833;Urbana;Traffico;ARPA Puglia;Locale;NO2;48,25;50;µg/m³;TRUE;59;DISCRETA;21;12;70
13/05/2024;62;CUS;Bari;BA;16,8711;41,105;Urbana;Traffico;ARPA Puglia;Locale;PM2.5;32;50;µg/m³;FALSE;50;BUONA;20;15;60
14/05/2024;63;Carbonara;Bari;BA;16,85;41,0833;Urbana;Traffico;ARPA Puglia;Locale;NO2;45,75;50;µg/m³;FALSE;55;BUONA;20;15;60
14/05/2024;64;CUS;Bari;BA;16,8711;41,105;Urbana;Traffico;ARPA Puglia;Locale;PM2.5;33,5;50;µg/m³;FALSE;52;DISCRETA;22;10;55
14/05/2024;65;Kennedy;Bari;BA;16,8722;41,107;Urbana;Fondo;ARPA Puglia;Locale;PM10;70,75;50;µg/m³;TRUE;75;SCARSA;19;12;65
14/05/2024;66;Carbonara;Bari;BA;16,85;41,0833;Urbana;Traffico;ARPA Puglia;Locale;NO2;47,5;50;µg/m³;FALSE;58;BUONA;21;8;70
14/05/2024;67;CUS;Bari;BA;16,8711;41,105;Urbana;Traffico;ARPA Puglia;Locale;PM2.5;31,75;50;µg/m³;FALSE;49;BUONA;23;20;50
15/05/2024;68;Carbonara;Bari;BA;16,85;41,0833;Urbana;Traffico;ARPA Puglia;Locale;NO2;46;50;µg/m³;FALSE;56;BUONA;18;5;75
15/05/2024;69;CUS;Bari;BA;16,8711;41,105;Urbana;Traffico;ARPA Puglia;Locale;PM2.5;32,25;50;µg/m³;FALSE;50;BUONA;20;18;60
15/05/2024;70;Kennedy;Bari;BA;16,8722;41,107;Urbana;Fondo;ARPA Puglia;Locale;PM10;71,25;50;µg/m³;TRUE;75;SCARSA;22;10;55
15/05/2024;71;Carbonara;Bari;BA;16,85;41,0833;Urbana;Traffico;ARPA Puglia;Locale;NO2;48;50;µg/m³;TRUE;59;DISCRETA;19;14;65
15/05/2024;72;CUS;Bari;BA;16,8711;41,105;Urbana;Traffico;ARPA Puglia;Locale;PM2.5;30,5;50;µg/m³;FALSE;47;BUONA;21;12;70
16/05/2024;73;Carbonara;Bari;BA;16,85;41,0833;Urbana;Traffico;ARPA Puglia;Locale;NO2;47,25;50;µg/m³;FALSE;57;BUONA;20;15;60
16/05/2024;74;CUS;Bari;BA;16,8711;41,105;Urbana;Traffico;ARPA Puglia;Locale;PM2.5;34;50;µg/m³;FALSE;53;DISCRETA;22;10;55
16/05/2024;75;Kennedy;Bari;BA;16,8722;41,107;Urbana;Fondo;ARPA Puglia;Locale;PM10;70,5;50;µg/m³;TRUE;74;SCARSA;19;12;65
16/05/2024;76;Carbonara;Bari;BA;16,85;41,0833;Urbana;Traffico;ARPA Puglia;Locale;NO2;49,5;50;µg/m³;TRUE;60;DISCRETA;21;8;70
16/05/2024;77;CUS;Bari;BA;16,8711;41,105;Urbana;Traffico;ARPA Puglia;Locale;PM2.5;32,25;50;µg/m³;FALSE;50;BUONA;23;20;50
17/05/2024;78;Carbonara;Bari;BA;16,85;41,0833;Urbana;Traffico;ARPA Puglia;Locale;NO2;46,75;50;µg/m³;FALSE;56;BUONA;18;5;75
17/05/2024;79;CUS;Bari;BA;16,8711;41,105;Urbana;Traffico;ARPA Puglia;Locale;PM2.5;33,25;50;µg/m³;FALSE;52;DISCRETA;20;18;60
18/05/2024;80;Carbonara;Bari;BA;16,85;41,0833;Urbana;Traffico;ARPA Puglia;Locale;NO2;45,25;50;µg/m³;FALSE;54;BUONA;22;10;55
18/05/2024;81;CUS;Bari;BA;16,8711;41,105;Urbana;Traffico;ARPA Puglia;Locale;PM2.5;31,75;50;µg/m³;FALSE;49;BUONA;19;14;65
18/05/2024;82;Kennedy;Bari;BA;16,8722;41,107;Urbana;Fondo;ARPA Puglia;Locale;PM10;70;50;µg/m³;TRUE;74;SCARSA;21;12;70
18/05/2024;83;Carbonara;Bari;BA;16,85;41,0833;Urbana;Traffico;ARPA Puglia;Locale;NO2;47;50;µg/m³;FALSE;57;BUONA;20;15;60
18/05/2024;84;CUS;Bari;BA;16,8711;41,105;Urbana;Traffico;ARPA Puglia;Locale;PM2.5;32;50;µg/m³;FALSE;50;BUONA;22;10;55
19/05/2024;85;Carbonara;Bari;BA;16,85;41,0833;Urbana;Traffico;ARPA Puglia;Locale;NO2;46,75;50;µg/m³;FALSE;56;BUONA;19;12;65
19/05/2024;86;CUS;Bari;BA;16,8711;41,105;Urbana;Traffico;ARPA Puglia;Locale;PM2.5;33,5;50;µg/m³;FALSE;52;DISCRETA;21;8;70
19/05/2024;87;Kennedy;Bari;BA;16,8722;41,107;Urbana;Fondo;ARPA Puglia;Locale;PM10;71,5;50;µg/m³;TRUE;75;SCARSA;23;20;50
19/05/2024;88;Carbonara;Bari;BA;16,85;41,0833;Urbana;Traffico;ARPA Puglia;Locale;NO2;48,25;50;µg/m³;TRUE;59;DISCRETA;18;5;75
19/05/2024;89;CUS;Bari;BA;16,8711;41,105;Urbana;Traffico;ARPA Puglia;Locale;PM2.5;32,75;50;µg/m³;FALSE;51;DISCRETA;20;18;60
20/05/2024;90;Carbonara;Bari;BA;16,85;41,0833;Urbana;Traffico;ARPA Puglia;Locale;NO2;46,25;50;µg/m³;FALSE;56;BUONA;22;10;55
20/05/2024;91;CUS;Bari;BA;16,8711;41,105;Urbana;Traffico;ARPA Puglia;Locale;PM2.5;31,5;50;µg/m³;FALSE;49;BUONA;19;14;65
20/05/2024;92;Kennedy;Bari;BA;16,8722;41,107;Urbana;Fondo;ARPA Puglia;Locale;PM10;73;50;µg/m³;TRUE;77;SCARSA;21;12;70
20/05/2024;93;Carbonara;Bari;BA;16,85;41,0833;Urbana;Traffico;ARPA Puglia;Locale;NO2;47,75;50;µg/m³;FALSE;58;BUONA;20;15;60
20/05/2024;94;CUS;Bari;BA;16,8711;41,105;Urbana;Traffico;ARPA Puglia;Locale;PM2.5;32,5;50;µg/m³;FALSE;50;BUONA;20;15;60
21/05/2024;95;Carbonara;Bari;BA;16,85;41,0833;Urbana;Traffico;ARPA Puglia;Locale;NO2;45,75;50;µg/m³;FALSE;55;BUONA;22;10;55
21/05/2024;96;CUS;Bari;BA;16,8711;41,105;Urbana;Traffico;ARPA Puglia;Locale;PM2.5;33,25;50;µg/m³;FALSE;51;DISCRETA;19;12;65
21/05/2024;97;Kennedy;Bari;BA;16,8722;41,107;Urbana;Fondo;ARPA Puglia;Locale;PM10;71,25;50;µg/m³;TRUE;75;SCARSA;21;8;70
21/05/2024;98;Carbonara;Bari;BA;16,85;41,0833;Urbana;Traffico;ARPA Puglia;Locale;NO2;48,5;50;µg/m³;TRUE;60;DISCRETA;23;20;50
21/05/2024;99;CUS;Bari;BA;16,8711;41,105;Urbana;Traffico;ARPA Puglia;Locale;PM2.5;32;50;µg/m³;FALSE;50;BUONA;18;5;75
22/05/2024;100;Carbonara;Bari;BA;16,85;41,0833;Urbana;Traffico;ARPA Puglia;Locale;NO2;46,5;50;µg/m³;FALSE;56;BUONA;20;18;60
22/05/2024;101;CUS;Bari;BA;16,8711;41,105;Urbana;Traffico;ARPA Puglia;Locale;PM2.5;32,75;50;µg/m³;FALSE;51;DISCRETA;22;10;55
23/05/2024;102;Carbonara;Bari;BA;16,85;41,0833;Urbana;Traffico;ARPA Puglia;Locale;NO2;45,75;50;µg/m³;FALSE;55;BUONA;19;14;65
23/05/2024;103;CUS;Bari;BA;16,8711;41,105;Urbana;Traffico;ARPA Puglia;Locale;PM2.5;31,25;50;µg/m³;FALSE;48;BUONA;21;12;70
23/05/2024;104;Kennedy;Bari;BA;16,8722;41,107;Urbana;Fondo;ARPA Puglia;Locale;PM10;70,5;50;µg/m³;TRUE;74;SCARSA;20;15;60
23/05/2024;105;Carbonara;Bari;BA;16,85;41,0833;Urbana;Traffico;ARPA Puglia;Locale;NO2;47,5;50;µg/m³;FALSE;58;DISCRETA;22;10;55
23/05/2024;106;CUS;Bari;BA;16,8711;41,105;Urbana;Traffico;ARPA Puglia;Locale;PM2.5;32;50;µg/m³;FALSE;50;BUONA;19;12;65
24/05/2024;107;Carbonara;Bari;BA;16,85;41,0833;Urbana;Traffico;ARPA Puglia;Locale;NO2;47;50;µg/m³;FALSE;57;BUONA;21;8;70
24/05/2024;108;CUS;Bari;BA;16,8711;41,105;Urbana;Traffico;ARPA Puglia;Locale;PM2.5;32,5;50;µg/m³;FALSE;50;BUONA;23;20;50
24/05/2024;109;Kennedy;Bari;BA;16,8722;41,107;Urbana;Fondo;ARPA Puglia;Locale;PM10;72,25;50;µg/m³;TRUE;76;SCARSA;18;5;75
24/05/2024;110;Carbonara;Bari;BA;16,85;41,0833;Urbana;Traffico;ARPA Puglia;Locale;NO2;48,75;50;µg/m³;TRUE;59;DISCRETA;20;18;60
24/05/2024;111;CUS;Bari;BA;16,8711;41,105;Urbana;Traffico;ARPA Puglia;Locale;PM2.5;31,75;50;µg/m³;FALSE;49;BUONA;22;10;55
25/05/2024;112;Carbonara;Bari;BA;16,85;41,0833;Urbana;Traffico;ARPA Puglia;Locale;NO2;45,5;50;µg/m³;FALSE;55;BUONA;19;14;65
25/05/2024;113;CUS;Bari;BA;16,8711;41,105;Urbana;Traffico;ARPA Puglia;Locale;PM2.5;33;50;µg/m³;FALSE;51;DISCRETA;25;12;70
25/05/2024;114;Kennedy;Bari;BA;16,8722;41,107;Urbana;Fondo;ARPA Puglia;Locale;PM10;71,75;50;µg/m³;TRUE;75;SCARSA;24;15;60
25/05/2024;115;Carbonara;Bari;BA;16,85;41,0833;Urbana;Traffico;ARPA Puglia;Locale;NO2;47,25;50;µg/m³;FALSE;57;BUONA;24;10;55
25/05/2024;116;CUS;Bari;BA;16,8711;41,105;Urbana;Traffico;ARPA Puglia;Locale;PM2.5;32,5;50;µg/m³;FALSE;50;BUONA;22;12;65
26/05/2024;117;Carbonara;Bari;BA;16,85;41,0833;Urbana;Traffico;ARPA Puglia;Locale;NO2;46;50;µg/m³;FALSE;56;BUONA;21;8;70
26/05/2024;118;CUS;Bari;BA;16,8711;41,105;Urbana;Traffico;ARPA Puglia;Locale;PM2.5;31,5;50;µg/m³;FALSE;49;BUONA;23;20;50
26/05/2024;119;Kennedy;Bari;BA;16,8722;41,107;Urbana;Fondo;ARPA Puglia;Locale;PM10;70,25;50;µg/m³;TRUE;74;SCARSA;23;5;75
26/05/2024;120;Carbonara;Bari;BA;16,85;41,0833;Urbana;Traffico;ARPA Puglia;Locale;NO2;48,5;50;µg/m³;TRUE;59;DISCRETA;21;18;60
26/05/2024;121;CUS;Bari;BA;16,8711;41,105;Urbana;Traffico;ARPA Puglia;Locale;PM2.5;32,25;50;µg/m³;FALSE;50;BUONA;22;10;55
27/05/2024;122;Carbonara;Bari;BA;16,85;41,0833;Urbana;Traffico;ARPA Puglia;Locale;NO2;46,25;50;µg/m³;FALSE;56;BUONA;22;14;65
27/05/2024;123;CUS;Bari;BA;16,8711;41,105;Urbana;Traffico;ARPA Puglia;Locale;PM2.5;33,25;50;µg/m³;FALSE;52;DISCRETA;19;14;75
28/05/2024;124;Carbonara;Bari;BA;16,85;41,0833;Urbana;Traffico;ARPA Puglia;Locale;NO2;46,75;50;µg/m³;FALSE;56;BUONA;20;12;60
28/05/2024;125;CUS;Bari;BA;16,8711;41,105;Urbana;Traffico;ARPA Puglia;Locale;PM2.5;32,25;50;µg/m³;FALSE;50;BUONA;21;4;55
28/05/2024;126;Kennedy;Bari;BA;16,8722;41,107;Urbana;Fondo;ARPA Puglia;Locale;PM10;73,75;50;µg/m³;TRUE;77;SCARSA;23;8;65
28/05/2024;127;Carbonara;Bari;BA;16,85;41,0833;Urbana;Traffico;ARPA Puglia;Locale;NO2;49,25;50;µg/m³;TRUE;60;DISCRETA;24;15;70
28/05/2024;128;CUS;Bari;BA;16,8711;41,105;Urbana;Traffico;ARPA Puglia;Locale;PM2.5;30,25;50;µg/m³;FALSE;47;BUONA;23;12;60
29/05/2024;129;Carbonara;Bari;BA;16,85;41,0833;Urbana;Traffico;ARPA Puglia;Locale;NO2;47,25;50;µg/m³;FALSE;57;BUONA;21;13;55
29/05/2024;130;CUS;Bari;BA;16,8711;41,105;Urbana;Traffico;ARPA Puglia;Locale;PM2.5;33,75;50;µg/m³;FALSE;52;DISCRETA;19;12;65
30/05/2024;131;Carbonara;Bari;BA;16,85;41,0833;Urbana;Traffico;ARPA Puglia;Locale;NO2;46,5;50;µg/m³;FALSE;56;BUONA;25;10;75
30/05/2024;132;CUS;Bari;BA;16,8711;41,105;Urbana;Traffico;ARPA Puglia;Locale;PM2.5;34;50;µg/m³;FALSE;53;DISCRETA;25;11;60
30/05/2024;133;Kennedy;Bari;BA;16,8722;41,107;Urbana;Fondo;ARPA Puglia;Locale;PM10;72,25;50;µg/m³;TRUE;76;SCARSA;23;6;55
30/05/2024;134;Carbonara;Bari;BA;16,85;41,0833;Urbana;Traffico;ARPA Puglia;Locale;NO2;48,25;50;µg/m³;TRUE;59;DISCRETA;21;4;65
30/05/2024;135;CUS;Bari;BA;16,8711;41,105;Urbana;Traffico;ARPA Puglia;Locale;PM2.5;32;50;µg/m³;FALSE;50;BUONA;21;12;70
31/05/2024;136;Carbonara;Bari;BA;16,85;41,0833;Urbana;Traffico;ARPA Puglia;Locale;NO2;45,75;50;µg/m³;FALSE;55;BUONA;20;7;60
31/05/2024;137;CUS;Bari;BA;16,8711;41,105;Urbana;Traffico;ARPA Puglia;Locale;PM2.5;33,5;50;µg/m³;FALSE;52;DISCRETA;19;18;55
01/06/2024;138;Carbonara;bari;BA;16,85;41,0833;Urbana;Traffico;ARPA Puglia;Locale;NO2;63,95;50;µg/m³;TRUE;60;DISCRETA;24;12;55
01/06/2024;139;CUS;bari;BA;16,8711;41,105;Urbana;Traffico;ARPA Puglia;Locale;PM2.5;61,5;50;µg/m³;TRUE;63;DISCRETA;26;10;50
01/06/2024;140;Carbonara;bari;BA;16,85;41,0833;Urbana;Traffico;ARPA Puglia;Locale;NO2;85,78;50;µg/m³;TRUE;90;SCARSO;25;14;52
01/06/2024;141;Carbonara;bari;BA;16,85;41,0833;Urbana;Traffico;ARPA Puglia;Locale;NO2;89,62;50;µg/m³;TRUE;73;SCARSO;27;15;48
01/06/2024;142;CUS;bari;BA;16,8711;41,105;Urbana;Traffico;ARPA Puglia;Locale;PM2.5;24,5;50;µg/m³;FALSE;45;BUONA;28;18;45
02/06/2024;143;Caldarola;bari;BA;16,8829;41,118;Urbana;Traffico;ARPA Puglia;Locale;PM2.5;3,05;50;µg/m³;FALSE;6;OTTIMO;26;20;50
02/06/2024;144;Cavour;bari;BA;16,8719;41,1171;Urbana;Traffico;ARPA Puglia;Locale;CO;25,5;50;µg/m³;FALSE;25;BUONA;25;12;53
02/06/2024;145;Carbonara;bari;BA;16,85;41,0833;Urbana;Traffico;ARPA Puglia;Locale;PM2.5;43,15;50;µg/m³;FALSE;26;BUONA;27;10;47
02/06/2024;146;CUS;bari;BA;16,8711;41,105;Urbana;Traffico;ARPA Puglia;Locale;PM10;81,16;50;µg/m³;TRUE;87;SCARSO;29;8;40
02/06/2024;147;CUS;bari;BA;16,8711;41,105;Urbana;Traffico;ARPA Puglia;Locale;CO;77,16;50;µg/m³;TRUE;75;SCARSO;28;14;42
03/06/2024;148;Carbonara;bari;BA;16,85;41,0833;Urbana;Traffico;ARPA Puglia;Locale;CO;67,97;50;µg/m³;TRUE;53;DISCRETA;26;15;50
03/06/2024;149;Caldarola;bari;BA;16,8829;41,118;Urbana;Traffico;ARPA Puglia;Locale;NO2;25,69;50;µg/m³;FALSE;29;BUONA;27;10;48
03/06/2024;150;Cavour;bari;BA;16,8719;41,1171;Urbana;Traffico;ARPA Puglia;Locale;CO;65,37;50;µg/m³;TRUE;56;DISCRETA;29;12;45
03/06/2024;151;Caldarola;bari;BA;16,8829;41,118;Urbana;Traffico;ARPA Puglia;Locale;PM2.5;11,36;50;µg/m³;FALSE;13;OTTIMO;30;8;42
03/06/2024;152;Caldarola;bari;BA;16,8829;41,118;Urbana;Traffico;ARPA Puglia;Locale;NO2;7,14;50;µg/m³;FALSE;13;OTTIMO;28;14;47
04/06/2024;153;Carbonara;bari;BA;16,85;41,0833;Urbana;Traffico;ARPA Puglia;Locale;NO2;2,96;50;µg/m³;FALSE;5;OTTIMO;26;18;50
04/06/2024;154;Cavour;bari;BA;16,8719;41,1171;Urbana;Traffico;ARPA Puglia;Locale;NO2;97,95;50;µg/m³;TRUE;88;SCARSO;27;20;48
04/06/2024;155;Caldarola;bari;BA;16,8829;41,118;Urbana;Traffico;ARPA Puglia;Locale;PM2.5;42,84;50;µg/m³;FALSE;27;BUONA;29;12;44
04/06/2024;156;Carbonara;bari;BA;16,85;41,0833;Urbana;Traffico;ARPA Puglia;Locale;PM10;55,05;50;µg/m³;TRUE;53;DISCRETA;31;15;38
04/06/2024;157;CUS;bari;BA;16,8711;41,105;Urbana;Traffico;ARPA Puglia;Locale;NO2;59,92;50;µg/m³;TRUE;56;DISCRETA;30;10;40
05/06/2024;158;Kennedy;bari;BA;16,8719;41,1171;Urbana;Traffico;ARPA Puglia;Locale;NO2;72,28;50;µg/m³;TRUE;89;SCARSO;29;8;42
05/06/2024;159;CUS;bari;BA;16,8711;41,105;Urbana;Traffico;ARPA Puglia;Locale;NO2;0,07;50;µg/m³;FALSE;1;OTTIMO;28;14;45
05/06/2024;160;Kennedy;bari;BA;16,8719;41,1171;Urbana;Traffico;ARPA Puglia;Locale;CO;77,63;50;µg/m³;TRUE;73;SCARSO;27;18;48
05/06/2024;161;Kennedy;bari;BA;16,8719;41,1171;Urbana;Traffico;ARPA Puglia;Locale;CO;58,48;50;µg/m³;TRUE;54;DISCRETA;29;20;44
05/06/2024;162;CUS;bari;BA;16,8711;41,105;Urbana;Traffico;ARPA Puglia;Locale;NO2;91,66;50;µg/m³;TRUE;93;SCARSO;30;12;40
06/06/2024;163;Caldarola;bari;BA;16,8829;41,118;Urbana;Traffico;ARPA Puglia;Locale;NO2;43,72;50;µg/m³;FALSE;23;BUONA;28;15;45
06/06/2024;164;Caldarola;bari;BA;16,8829;41,118;Urbana;Traffico;ARPA Puglia;Locale;NO2;83,62;50;µg/m³;TRUE;87;SCARSO;27;10;50
06/06/2024;165;Carbonara;bari;BA;16,85;41,0833;Urbana;Traffico;ARPA Puglia;Locale;PM10;53,62;50;µg/m³;TRUE;65;DISCRETA;29;8;42
06/06/2024;166;Caldarola;bari;BA;16,8829;41,118;Urbana;Traffico;ARPA Puglia;Locale;PM10;24,85;50;µg/m³;FALSE;33;BUONA;30;14;40
06/06/2024;167;Caldarola;bari;BA;16,8829;41,118;Urbana;Traffico;ARPA Puglia;Locale;PM10;60,45;50;µg/m³;TRUE;56;DISCRETA;31;15;38
07/06/2024;168;Kennedy;bari;BA;16,8719;41,1171;Urbana;Traffico;ARPA Puglia;Locale;PM10;16,04;50;µg/m³;FALSE;13;OTTIMO;22;10;60
07/06/2024;169;Carbonara;bari;BA;16,85;41,0833;Urbana;Traffico;ARPA Puglia;Locale;CO;12,34;50;µg/m³;FALSE;8;OTTIMO;24;8;55
07/06/2024;170;CUS;bari;BA;16,8711;41,105;Urbana;Traffico;ARPA Puglia;Locale;NO2;8,08;50;µg/m³;FALSE;15;OTTIMO;23;12;58
07/06/2024;171;Kennedy;bari;BA;16,8719;41,1171;Urbana;Traffico;ARPA Puglia;Locale;PM10;7,82;50;µg/m³;FALSE;13;OTTIMO;25;14;52
07/06/2024;172;Caldarola;bari;BA;16,8829;41,118;Urbana;Traffico;ARPA Puglia;Locale;NO2;74,05;50;µg/m³;TRUE;72;SCARSO;26;16;50
08/06/2024;173;Kennedy;bari;BA;16,8719;41,1171;Urbana;Traffico;ARPA Puglia;Locale;NO2;85,47;50;µg/m³;TRUE;88;SCARSO;24;18;55
08/06/2024;174;Kennedy;bari;BA;16,8719;41,1171;Urbana;Traffico;ARPA Puglia;Locale;CO;95,46;50;µg/m³;TRUE;88;SCARSO;23;10;58
08/06/2024;175;CUS;bari;BA;16,8711;41,105;Urbana;Traffico;ARPA Puglia;Locale;PM10;58,06;50;µg/m³;TRUE;62;DISCRETA;25;12;53
08/06/2024;176;CUS;bari;BA;16,8711;41,105;Urbana;Traffico;ARPA Puglia;Locale;CO;72,75;50;µg/m³;TRUE;93;SCARSO;27;14;48
08/06/2024;177;Kennedy;bari;BA;16,8719;41,1171;Urbana;Traffico;ARPA Puglia;Locale;PM2.5;91,07;50;µg/m³;TRUE;96;SCARSO;26;16;50
09/06/2024;178;Caldarola;bari;BA;16,8829;41,118;Urbana;Traffico;ARPA Puglia;Locale;NO2;11,96;50;µg/m³;FALSE;14;OTTIMO;24;18;55
09/06/2024;179;Kennedy;bari;BA;16,8719;41,1171;Urbana;Traffico;ARPA Puglia;Locale;CO;8,8;50;µg/m³;FALSE;21;OTTIMO;25;10;52
09/06/2024;180;Carbonara;bari;BA;16,85;41,0833;Urbana;Traffico;ARPA Puglia;Locale;PM2.5;83,03;50;µg/m³;TRUE;76;SCARSO;27;12;48
09/06/2024;181;Caldarola;bari;BA;16,8829;41,118;Urbana;Traffico;ARPA Puglia;Locale;PM10;74,75;50;µg/m³;TRUE;92;SCARSO;28;14;45
09/06/2024;182;Kennedy;bari;BA;16,8719;41,1171;Urbana;Traffico;ARPA Puglia;Locale;PM10;59,93;50;µg/m³;TRUE;65;DISCRETA;26;16;50
10/06/2024;183;Kennedy;bari;BA;16,8719;41,1171;Urbana;Traffico;ARPA Puglia;Locale;PM2.5;81,78;50;µg/m³;TRUE;79;SCARSO;24;18;55
10/06/2024;184;Caldarola;bari;BA;16,8829;41,118;Urbana;Traffico;ARPA Puglia;Locale;NO2;35,11;50;µg/m³;FALSE;35;BUONA;25;10;53
10/06/2024;185;Carbonara;bari;BA;16,85;41,0833;Urbana;Traffico;ARPA Puglia;Locale;PM2.5;36,7;50;µg/m³;FALSE;42;BUONA;27;12;48
10/06/2024;186;Kennedy;bari;BA;16,8719;41,1171;Urbana;Traffico;ARPA Puglia;Locale;CO;53,52;50;µg/m³;TRUE;53;DISCRETA;29;14;42
10/06/2024;187;Caldarola;bari;BA;16,8829;41,118;Urbana;Traffico;ARPA Puglia;Locale;PM10;95,71;50;µg/m³;TRUE;96;SCARSO;28;16;45
11/06/2024;188;Cavour;bari;BA;16,8719;41,1171;Urbana;Traffico;ARPA Puglia;Locale;CO;23,44;50;µg/m³;FALSE;43;BUONA;27;18;48
11/06/2024;189;CUS;bari;BA;16,8711;41,105;Urbana;Traffico;ARPA Puglia;Locale;PM2.5;10,32;50;µg/m³;FALSE;13;OTTIMO;26;10;50
11/06/2024;190;Cavour;bari;BA;16,8719;41,1171;Urbana;Traffico;ARPA Puglia;Locale;PM2.5;87,01;50;µg/m³;TRUE;81;SCARSO;25;12;53
11/06/2024;191;Cavour;bari;BA;16,8719;41,1171;Urbana;Traffico;ARPA Puglia;Locale;NO2;73,38;50;µg/m³;TRUE;74;SCARSO;27;14;48
11/06/2024;192;Kennedy;bari;BA;16,8719;41,1171;Urbana;Traffico;ARPA Puglia;Locale;CO;56,24;50;µg/m³;TRUE;59;DISCRETA;28;16;45
12/06/2024;193;Carbonara;bari;BA;16,85;41,0833;Urbana;Traffico;ARPA Puglia;Locale;NO2;61,34;50;µg/m³;TRUE;51;DISCRETA;26;18;50
12/06/2024;194;Carbonara;bari;BA;16,85;41,0833;Urbana;Traffico;ARPA Puglia;Locale;CO;26,72;50;µg/m³;FALSE;24;BUONA;25;10;53
13/06/2024;195;Caldarola;bari;BA;16,8829;41,118;Urbana;Traffico;ARPA Puglia;Locale;NO2;19,04;50;µg/m³;FALSE;10;OTTIMO;27;12;48
13/06/2024;196;Kennedy;bari;BA;16,8719;41,1171;Urbana;Traffico;ARPA Puglia;Locale;PM2.5;68,5;50;µg/m³;TRUE;65;DISCRETA;28;14;45
13/06/2024;197;Cavour;bari;BA;16,8719;41,1171;Urbana;Traffico;ARPA Puglia;Locale;PM10;41,64;50;µg/m³;FALSE;44;BUONA;29;16;42
13/06/2024;198;Carbonara;bari;BA;16,85;41,0833;Urbana;Traffico;ARPA Puglia;Locale;PM2.5;0,06;50;µg/m³;FALSE;2;OTTIMO;23;10;58
13/06/2024;199;CUS;bari;BA;16,8711;41,105;Urbana;Traffico;ARPA Puglia;Locale;PM2.5;83,79;50;µg/m³;TRUE;71;SCARSO;25;12;53
14/06/2024;200;Kennedy;bari;BA;16,8719;41,1171;Urbana;Traffico;ARPA Puglia;Locale;PM10;20;50;µg/m³;FALSE;7;OTTIMO;27;14;48
14/06/2024;201;CUS;bari;BA;16,8711;41,105;Urbana;Traffico;ARPA Puglia;Locale;PM2.5;36,92;50;µg/m³;FALSE;43;BUONA;26;16;50
14/06/2024;202;Carbonara;bari;BA;16,85;41,0833;Urbana;Traffico;ARPA Puglia;Locale;PM10;65,76;50;µg/m³;TRUE;52;DISCRETA;24;18;55
14/06/2024;203;Kennedy;bari;BA;16,8719;41,1171;Urbana;Traffico;ARPA Puglia;Locale;NO2;98;50;µg/m³;TRUE;76;SCARSO;25;10;52
14/06/2024;204;Cavour;bari;BA;16,8719;41,1171;Urbana;Traffico;ARPA Puglia;Locale;CO;69,26;50;µg/m³;TRUE;55;DISCRETA;27;12;48
15/06/2024;205;CUS;bari;BA;16,8711;41,105;Urbana;Traffico;ARPA Puglia;Locale;NO2;40,61;50;µg/m³;FALSE;22;BUONA;28;14;45
15/06/2024;206;Cavour;bari;BA;16,8719;41,1171;Urbana;Traffico;ARPA Puglia;Locale;CO;18,85;50;µg/m³;FALSE;11;OTTIMO;26;16;50
15/06/2024;207;Kennedy;bari;BA;16,8719;41,1171;Urbana;Traffico;ARPA Puglia;Locale;PM2.5;93,83;50;µg/m³;TRUE;93;SCARSO;24;18;55
15/06/2024;208;CUS;bari;BA;16,8711;41,105;Urbana;Traffico;ARPA Puglia;Locale;PM10;6,79;50;µg/m³;FALSE;1;OTTIMO;25;10;53
15/06/2024;209;CUS;bari;BA;16,8711;41,105;Urbana;Traffico;ARPA Puglia;Locale;PM10;66,64;50;µg/m³;TRUE;75;SCARSO;27;12;48
16/06/2024;210;CUS;bari;BA;16,8711;41,105;Urbana;Traffico;ARPA Puglia;Locale;NO2;8,8;50;µg/m³;FALSE;16;OTTIMO;29;14;42
16/06/2024;211;Kennedy;bari;BA;16,8719;41,1171;Urbana;Traffico;ARPA Puglia;Locale;NO2;13,44;50;µg/m³;FALSE;16;OTTIMO;28;16;45
16/06/2024;212;CUS;bari;BA;16,8711;41,105;Urbana;Traffico;ARPA Puglia;Locale;NO2;30,04;50;µg/m³;FALSE;40;BUONA;27;18;48
16/06/2024;213;Kennedy;bari;BA;16,8719;41,1171;Urbana;Traffico;ARPA Puglia;Locale;PM10;2,4;50;µg/m³;FALSE;2;OTTIMO;26;10;50
16/06/2024;214;CUS;bari;BA;16,8711;41,105;Urbana;Traffico;ARPA Puglia;Locale;PM10;86,33;50;µg/m³;TRUE;85;SCARSO;25;12;53
17/06/2024;215;Carbonara;bari;BA;16,85;41,0833;Urbana;Traffico;ARPA Puglia;Locale;PM2.5;20,74;50;µg/m³;FALSE;34;BUONA;27;14;48
18/06/2024;216;Kennedy;bari;BA;16,8719;41,1171;Urbana;Traffico;ARPA Puglia;Locale;PM10;67,33;50;µg/m³;TRUE;56;DISCRETA;28;16;45
18/06/2024;217;Carbonara;bari;BA;16,85;41,0833;Urbana;Traffico;ARPA Puglia;Locale;PM10;79,14;50;µg/m³;TRUE;82;SCARSO;26;18;50
18/06/2024;218;Kennedy;bari;BA;16,8719;41,1171;Urbana;Traffico;ARPA Puglia;Locale;PM10;40,76;50;µg/m³;FALSE;43;BUONA;28;18;45
18/06/2024;219;Cavour;bari;BA;16,8719;41,1171;Urbana;Traffico;ARPA Puglia;Locale;PM10;92,24;50;µg/m³;TRUE;96;SCARSO;26;20;50
18/06/2024;220;Caldarola;bari;BA;16,8829;41,118;Urbana;Traffico;ARPA Puglia;Locale;PM2.5;34,76;50;µg/m³;FALSE;37;BUONA;25;12;53
18/06/2024;221;Caldarola;bari;BA;16,8829;41,118;Urbana;Traffico;ARPA Puglia;Locale;PM2.5;55,49;50;µg/m³;TRUE;62;DISCRETA;27;10;47
19/06/2024;222;CUS;bari;BA;16,8711;41,105;Urbana;Traffico;ARPA Puglia;Locale;PM2.5;59,62;50;µg/m³;TRUE;51;DISCRETA;29;8;40
19/06/2024;223;Cavour;bari;BA;16,8719;41,1171;Urbana;Traffico;ARPA Puglia;Locale;NO2;83,61;50;µg/m³;TRUE;71;SCARSO;28;14;42
19/06/2024;224;Carbonara;bari;BA;16,85;41,0833;Urbana;Traffico;ARPA Puglia;Locale;CO;11,78;50;µg/m³;FALSE;8;OTTIMO;26;15;50
19/06/2024;225;Carbonara;bari;BA;16,85;41,0833;Urbana;Traffico;ARPA Puglia;Locale;CO;18,97;50;µg/m³;FALSE;5;OTTIMO;27;10;48
19/06/2024;226;CUS;bari;BA;16,8711;41,105;Urbana;Traffico;ARPA Puglia;Locale;PM10;81,3;50;µg/m³;TRUE;95;SCARSO;29;12;45
20/06/2024;227;Carbonara;bari;BA;16,85;41,0833;Urbana;Traffico;ARPA Puglia;Locale;NO2;0,39;50;µg/m³;FALSE;2;OTTIMO;30;8;42
20/06/2024;228;Carbonara;bari;BA;16,85;41,0833;Urbana;Traffico;ARPA Puglia;Locale;NO2;59,84;50;µg/m³;TRUE;69;DISCRETA;28;14;47
20/06/2024;229;Kennedy;bari;BA;16,8719;41,1171;Urbana;Traffico;ARPA Puglia;Locale;NO2;65,7;50;µg/m³;TRUE;56;DISCRETA;26;18;50
20/06/2024;230;Cavour;bari;BA;16,8719;41,1171;Urbana;Traffico;ARPA Puglia;Locale;PM10;61,78;50;µg/m³;TRUE;52;DISCRETA;27;20;48
20/06/2024;231;Kennedy;bari;BA;16,8719;41,1171;Urbana;Traffico;ARPA Puglia;Locale;NO2;91,36;50;µg/m³;TRUE;73;SCARSO;29;12;44
21/06/2024;232;CUS;bari;BA;16,8711;41,105;Urbana;Traffico;ARPA Puglia;Locale;PM10;85,59;50;µg/m³;TRUE;91;SCARSO;31;15;38
21/06/2024;233;Kennedy;bari;BA;16,8719;41,1171;Urbana;Traffico;ARPA Puglia;Locale;CO;79,09;50;µg/m³;TRUE;99;SCARSO;30;10;40
21/06/2024;234;Cavour;bari;BA;16,8719;41,1171;Urbana;Traffico;ARPA Puglia;Locale;PM2.5;7,72;50;µg/m³;FALSE;7;OTTIMO;29;8;42
21/06/2024;235;Caldarola;bari;BA;16,8829;41,118;Urbana;Traffico;ARPA Puglia;Locale;PM2.5;22,04;50;µg/m³;FALSE;49;BUONA;28;14;45
21/06/2024;236;Cavour;bari;BA;16,8719;41,1171;Urbana;Traffico;ARPA Puglia;Locale;PM10;61,9;50;µg/m³;TRUE;58;DISCRETA;27;18;48
22/06/2024;237;CUS;bari;BA;16,8711;41,105;Urbana;Traffico;ARPA Puglia;Locale;PM2.5;35,4;50;µg/m³;FALSE;31;BUONA;29;20;44
22/06/2024;238;Kennedy;bari;BA;16,8719;41,1171;Urbana;Traffico;ARPA Puglia;Locale;NO2;57,96;50;µg/m³;TRUE;55;DISCRETA;30;12;40
23/05/2024;239;Carbonara;bari;BA;16,85;41,0833;Urbana;Traffico;ARPA Puglia;Locale;CO;95,13;50;µg/m³;TRUE;75;SCARSO;28;15;45
23/06/2024;240;Carbonara;bari;BA;16,85;41,0833;Urbana;Traffico;ARPA Puglia;Locale;NO2;6,54;50;µg/m³;FALSE;20;OTTIMO;27;10;50
23/06/2024;241;Cavour;bari;BA;16,8719;41,1171;Urbana;Traffico;ARPA Puglia;Locale;NO2;10,56;50;µg/m³;FALSE;10;OTTIMO;29;8;42
23/06/2024;242;Cavour;bari;BA;16,8719;41,1171;Urbana;Traffico;ARPA Puglia;Locale;PM2.5;85,56;50;µg/m³;TRUE;86;SCARSO;30;14;40
23/06/2024;243;Caldarola;bari;BA;16,8829;41,118;Urbana;Traffico;ARPA Puglia;Locale;CO;98,15;50;µg/m³;TRUE;77;SCARSO;31;15;38
24/06/2024;244;Kennedy;bari;BA;16,8719;41,1171;Urbana;Traffico;ARPA Puglia;Locale;PM10;30,57;50;µg/m³;FALSE;38;BUONA;22;10;60
24/06/2024;245;Caldarola;bari;BA;16,8829;41,118;Urbana;Traffico;ARPA Puglia;Locale;PM2.5;91,17;50;µg/m³;TRUE;86;SCARSO;24;8;55
24/06/2024;246;Kennedy;bari;BA;16,8719;41,1171;Urbana;Traffico;ARPA Puglia;Locale;PM10;14;50;µg/m³;FALSE;3;OTTIMO;23;12;58
24/06/2024;247;CUS;bari;BA;16,8711;41,105;Urbana;Traffico;ARPA Puglia;Locale;NO2;72,42;50;µg/m³;TRUE;90;SCARSO;25;14;52
24/06/2024;248;Cavour;bari;BA;16,8719;41,1171;Urbana;Traffico;ARPA Puglia;Locale;PM10;23,3;50;µg/m³;FALSE;26;BUONA;26;16;50
25/06/2024;249;CUS;bari;BA;16,8711;41,105;Urbana;Traffico;ARPA Puglia;Locale;NO2;16,68;50;µg/m³;FALSE;12;OTTIMO;24;18;55
25/06/2024;250;Carbonara;bari;BA;16,85;41,0833;Urbana;Traffico;ARPA Puglia;Locale;NO2;83,53;50;µg/m³;TRUE;83;SCARSO;28;18;45
25/06/2024;251;CUS;bari;BA;16,8711;41,105;Urbana;Traffico;ARPA Puglia;Locale;PM10;84,88;50;µg/m³;TRUE;93;SCARSO;26;20;50
25/06/2024;252;CUS;bari;BA;16,8711;41,105;Urbana;Traffico;ARPA Puglia;Locale;NO2;3,72;50;µg/m³;FALSE;2;OTTIMO;25;12;53
25/06/2024;253;Caldarola;bari;BA;16,8829;41,118;Urbana;Traffico;ARPA Puglia;Locale;CO;39,82;50;µg/m³;FALSE;44;BUONA;27;10;47
26/06/2024;254;Kennedy;bari;BA;16,8719;41,1171;Urbana;Traffico;ARPA Puglia;Locale;PM2.5;4,88;50;µg/m³;FALSE;4;OTTIMO;29;8;40
26/06/2024;255;Kennedy;bari;BA;16,8719;41,1171;Urbana;Traffico;ARPA Puglia;Locale;PM10;7,18;50;µg/m³;FALSE;15;OTTIMO;28;14;42
26/06/2024;256;Carbonara;bari;BA;16,85;41,0833;Urbana;Traffico;ARPA Puglia;Locale;NO2;10,12;50;µg/m³;FALSE;20;OTTIMO;26;15;50
26/06/2024;257;Carbonara;bari;BA;16,85;41,0833;Urbana;Traffico;ARPA Puglia;Locale;PM10;80,52;50;µg/m³;TRUE;85;SCARSO;27;10;48
26/06/2024;258;Kennedy;bari;BA;16,8719;41,1171;Urbana;Traffico;ARPA Puglia;Locale;PM10;32,14;50;µg/m³;FALSE;33;BUONA;29;12;45
27/06/2024;259;Kennedy;bari;BA;16,8719;41,1171;Urbana;Traffico;ARPA Puglia;Locale;NO2;13;50;µg/m³;FALSE;20;OTTIMO;30;8;42
27/06/2024;260;Kennedy;bari;BA;16,8719;41,1171;Urbana;Traffico;ARPA Puglia;Locale;NO2;93;50;µg/m³;TRUE;76;SCARSO;28;14;47
27/06/2024;261;CUS;bari;BA;16,8711;41,105;Urbana;Traffico;ARPA Puglia;Locale;CO;95,35;50;µg/m³;TRUE;98;SCARSO;26;18;50
28/06/2024;262;Carbonara;bari;BA;16,85;41,0833;Urbana;Traffico;ARPA Puglia;Locale;CO;64,87;50;µg/m³;TRUE;63;DISCRETA;27;20;48
28/06/2024;263;Kennedy;bari;BA;16,8719;41,1171;Urbana;Traffico;ARPA Puglia;Locale;NO2;17;50;µg/m³;FALSE;13;OTTIMO;29;12;44
28/06/2024;264;Kennedy;bari;BA;16,8719;41,1171;Urbana;Traffico;ARPA Puglia;Locale;CO;43,8;50;µg/m³;FALSE;49;BUONA;31;15;38
29/06/2024;265;Carbonara;bari;BA;16,85;41,0833;Urbana;Traffico;ARPA Puglia;Locale;NO2;17,04;50;µg/m³;FALSE;15;OTTIMO;30;10;40
30/06/2024;266;Carbonara;bari;BA;16,85;41,0833;Urbana;Traffico;ARPA Puglia;Locale;CO;67,2;50;µg/m³;TRUE;64;DISCRETA;29;8;42
30/06/2024;267;Cavour;bari;BA;16,8719;41,1171;Urbana;Traffico;ARPA Puglia;Locale;PM2.5;57,44;50;µg/m³;TRUE;67;DISCRETA;28;14;45
01/07/2024;268;Carbonara;bari;BA;16,85;41,0833;Urbana;Traffico;ARPA Puglia;Locale;NO2;65,95;50;µg/m³;TRUE;61;DISCRETA;30;14;45
01/07/2024;269;CUS;bari;BA;16,8711;41,105;Urbana;Traffico;ARPA Puglia;Locale;PM2.5;61,25;50;µg/m³;TRUE;64;DISCRETA;29;10;48
01/07/2024;270;Carbonara;bari;BA;16,85;41,0833;Urbana;Traffico;ARPA Puglia;Locale;NO2;86,78;50;µg/m³;TRUE;90;SCARSO;31;16;42
01/07/2024;271;Carbonara;bari;BA;16,85;41,0833;Urbana;Traffico;ARPA Puglia;Locale;NO2;87,62;50;µg/m³;TRUE;71;SCARSO;32;18;40
01/07/2024;272;CUS;bari;BA;16,8711;41,105;Urbana;Traffico;ARPA Puglia;Locale;PM2.5;25,5;50;µg/m³;FALSE;46;BUONA;30;12;45
02/07/2024;273;Caldarola;bari;BA;16,8829;41,118;Urbana;Traffico;ARPA Puglia;Locale;PM2.5;2,51;50;µg/m³;FALSE;6;OTTIMO;29;14;48
02/07/2024;274;Cavour;bari;BA;16,8719;41,1171;Urbana;Traffico;ARPA Puglia;Locale;CO;26,5;50;µg/m³;FALSE;24;BUONA;31;10;42
02/07/2024;275;Carbonara;bari;BA;16,85;41,0833;Urbana;Traffico;ARPA Puglia;Locale;PM2.5;40,15;50;µg/m³;FALSE;25;BUONA;33;16;38
02/07/2024;276;CUS;bari;BA;16,8711;41,105;Urbana;Traffico;ARPA Puglia;Locale;PM10;83,16;50;µg/m³;TRUE;87;SCARSO;32;18;40
02/07/2024;277;CUS;bari;BA;16,8711;41,105;Urbana;Traffico;ARPA Puglia;Locale;CO;77,14;50;µg/m³;TRUE;76;SCARSO;30;12;45
03/07/2024;278;Carbonara;bari;BA;16,85;41,0833;Urbana;Traffico;ARPA Puglia;Locale;CO;68,98;50;µg/m³;TRUE;53;DISCRETA;31;14;42
03/07/2024;279;Caldarola;bari;BA;16,8829;41,118;Urbana;Traffico;ARPA Puglia;Locale;NO2;24,69;50;µg/m³;FALSE;28;BUONA;33;10;38
03/07/2024;280;Cavour;bari;BA;16,8719;41,1171;Urbana;Traffico;ARPA Puglia;Locale;CO;65,47;50;µg/m³;TRUE;55;DISCRETA;34;16;35
03/07/2024;281;Caldarola;bari;BA;16,8829;41,118;Urbana;Traffico;ARPA Puglia;Locale;PM2.5;10,36;50;µg/m³;FALSE;14;OTTIMO;32;18;40
03/07/2024;282;Caldarola;bari;BA;16,8829;41,118;Urbana;Traffico;ARPA Puglia;Locale;NO2;7,1;50;µg/m³;FALSE;14;OTTIMO;31;12;42
04/07/2024;283;Carbonara;bari;BA;16,85;41,0833;Urbana;Traffico;ARPA Puglia;Locale;NO2;3,66;50;µg/m³;FALSE;8;OTTIMO;32;14;38
04/07/2024;284;Cavour;bari;BA;16,8719;41,1171;Urbana;Traffico;ARPA Puglia;Locale;NO2;98,55;50;µg/m³;TRUE;89;SCARSO;34;10;35
04/07/2024;285;Caldarola;bari;BA;16,8829;41,118;Urbana;Traffico;ARPA Puglia;Locale;PM2.5;43,84;50;µg/m³;FALSE;27;BUONA;35;16;32
04/07/2024;286;Carbonara;bari;BA;16,85;41,0833;Urbana;Traffico;ARPA Puglia;Locale;PM10;60,05;50;µg/m³;TRUE;53;DISCRETA;33;18;35
04/07/2024;287;CUS;bari;BA;16,8711;41,105;Urbana;Traffico;ARPA Puglia;Locale;NO2;63,92;50;µg/m³;TRUE;56;DISCRETA;32;12;38
05/07/2024;288;Kennedy;bari;BA;16,8719;41,1171;Urbana;Traffico;ARPA Puglia;Locale;NO2;74,28;50;µg/m³;TRUE;89;SCARSO;31;14;40
05/07/2024;289;CUS;bari;BA;16,8711;41,105;Urbana;Traffico;ARPA Puglia;Locale;NO2;0,06;50;µg/m³;FALSE;1;OTTIMO;33;10;35
05/07/2024;290;Kennedy;bari;BA;16,8719;41,1171;Urbana;Traffico;ARPA Puglia;Locale;CO;78,63;50;µg/m³;TRUE;72;SCARSO;34;16;32
05/07/2024;291;Kennedy;bari;BA;16,8719;41,1171;Urbana;Traffico;ARPA Puglia;Locale;CO;59,48;50;µg/m³;TRUE;55;DISCRETA;32;18;35
05/07/2024;292;CUS;bari;BA;16,8711;41,105;Urbana;Traffico;ARPA Puglia;Locale;NO2;90,66;50;µg/m³;TRUE;94;SCARSO;31;12;38
06/07/2024;293;Caldarola;bari;BA;16,8829;41,118;Urbana;Traffico;ARPA Puglia;Locale;NO2;44,72;50;µg/m³;FALSE;22;BUONA;33;14;35
06/07/2024;294;Caldarola;bari;BA;16,8829;41,118;Urbana;Traffico;ARPA Puglia;Locale;NO2;85,62;50;µg/m³;TRUE;87;SCARSO;34;10;32
06/07/2024;295;Carbonara;bari;BA;16,85;41,0833;Urbana;Traffico;ARPA Puglia;Locale;PM10;52,62;50;µg/m³;TRUE;65;DISCRETA;35;16;30
06/07/2024;296;Caldarola;bari;BA;16,8829;41,118;Urbana;Traffico;ARPA Puglia;Locale;PM10;23,85;50;µg/m³;FALSE;33;BUONA;33;18;35
06/07/2024;297;Caldarola;bari;BA;16,8829;41,118;Urbana;Traffico;ARPA Puglia;Locale;PM10;57,45;50;µg/m³;TRUE;56;DISCRETA;32;12;38
07/07/2024;298;Kennedy;bari;BA;16,8719;41,1171;Urbana;Traffico;ARPA Puglia;Locale;PM10;15,04;50;µg/m³;FALSE;14;OTTIMO;34;12;53
07/07/2024;299;Carbonara;bari;BA;16,85;41,0833;Urbana;Traffico;ARPA Puglia;Locale;CO;12,24;50;µg/m³;FALSE;9;OTTIMO;29;12;50
07/07/2024;300;CUS;bari;BA;16,8711;41,105;Urbana;Traffico;ARPA Puglia;Locale;NO2;7,08;50;µg/m³;FALSE;15;OTTIMO;28;16;52
07/07/2024;301;Kennedy;bari;BA;16,8719;41,1171;Urbana;Traffico;ARPA Puglia;Locale;PM10;6,82;50;µg/m³;FALSE;13;OTTIMO;30;18;48
07/07/2024;302;Caldarola;bari;BA;16,8829;41,118;Urbana;Traffico;ARPA Puglia;Locale;NO2;73,95;50;µg/m³;TRUE;72;SCARSO;31;10;45
08/07/2024;303;Kennedy;bari;BA;16,8719;41,1171;Urbana;Traffico;ARPA Puglia;Locale;NO2;86,47;50;µg/m³;TRUE;80;SCARSO;29;12;50
08/07/2024;304;Kennedy;bari;BA;16,8719;41,1171;Urbana;Traffico;ARPA Puglia;Locale;CO;96,46;50;µg/m³;TRUE;88;SCARSO;28;14;52
08/07/2024;305;CUS;bari;BA;16,8711;41,105;Urbana;Traffico;ARPA Puglia;Locale;PM10;58,06;50;µg/m³;TRUE;62;DISCRETA;30;16;48
08/07/2024;306;CUS;bari;BA;16,8711;41,105;Urbana;Traffico;ARPA Puglia;Locale;CO;72,75;50;µg/m³;TRUE;93;SCARSO;32;18;44
08/07/2024;307;Kennedy;bari;BA;16,8719;41,1171;Urbana;Traffico;ARPA Puglia;Locale;PM2.5;91,87;50;µg/m³;TRUE;98;SCARSO;31;10;45
09/07/2024;308;Caldarola;bari;BA;16,8829;41,118;Urbana;Traffico;ARPA Puglia;Locale;NO2;12,06;50;µg/m³;FALSE;14;OTTIMO;29;12;50
09/07/2024;309;Kennedy;bari;BA;16,8719;41,1171;Urbana;Traffico;ARPA Puglia;Locale;CO;8,8;50;µg/m³;FALSE;20;OTTIMO;30;14;48
09/07/2024;310;Carbonara;bari;BA;16,85;41,0833;Urbana;Traffico;ARPA Puglia;Locale;PM2.5;82,03;50;µg/m³;TRUE;74;SCARSO;32;16;44
09/07/2024;311;Caldarola;bari;BA;16,8829;41,118;Urbana;Traffico;ARPA Puglia;Locale;PM10;74,37;50;µg/m³;TRUE;92;SCARSO;33;18;42
09/07/2024;312;Kennedy;bari;BA;16,8719;41,1171;Urbana;Traffico;ARPA Puglia;Locale;PM10;60,03;50;µg/m³;TRUE;65;DISCRETA;31;10;45
10/07/2024;313;Kennedy;bari;BA;16,8719;41,1171;Urbana;Traffico;ARPA Puglia;Locale;PM2.5;80,78;50;µg/m³;TRUE;79;SCARSO;30;12;48
10/07/2024;314;Caldarola;bari;BA;16,8829;41,118;Urbana;Traffico;ARPA Puglia;Locale;NO2;35,11;50;µg/m³;FALSE;32;BUONA;31;14;44
10/07/2024;315;Carbonara;bari;BA;16,85;41,0833;Urbana;Traffico;ARPA Puglia;Locale;PM2.5;36,7;50;µg/m³;FALSE;42;BUONA;33;16;42
10/07/2024;316;Kennedy;bari;BA;16,8719;41,1171;Urbana;Traffico;ARPA Puglia;Locale;CO;53,42;50;µg/m³;TRUE;54;DISCRETA;34;18;40
10/07/2024;317;Caldarola;bari;BA;16,8829;41,118;Urbana;Traffico;ARPA Puglia;Locale;PM10;93,71;50;µg/m³;TRUE;96;SCARSO;31;10;45
11/07/2024;318;Cavour;bari;BA;16,8719;41,1171;Urbana;Traffico;ARPA Puglia;Locale;CO;22,44;50;µg/m³;FALSE;43;BUONA;29;12;50
11/07/2024;319;CUS;bari;BA;16,8711;41,105;Urbana;Traffico;ARPA Puglia;Locale;PM2.5;11,32;50;µg/m³;FALSE;13;OTTIMO;28;14;52
11/07/2024;320;Cavour;bari;BA;16,8719;41,1171;Urbana;Traffico;ARPA Puglia;Locale;PM2.5;86,01;50;µg/m³;TRUE;81;SCARSO;30;16;48
11/07/2024;321;Cavour;bari;BA;16,8719;41,1171;Urbana;Traffico;ARPA Puglia;Locale;NO2;73,38;50;µg/m³;TRUE;74;SCARSO;32;18;44
11/07/2024;322;Kennedy;bari;BA;16,8719;41,1171;Urbana;Traffico;ARPA Puglia;Locale;CO;56,24;50;µg/m³;TRUE;59;DISCRETA;31;10;45
12/07/2024;323;Carbonara;bari;BA;16,85;41,0833;Urbana;Traffico;ARPA Puglia;Locale;NO2;61,34;50;µg/m³;TRUE;51;DISCRETA;29;12;50
12/07/2024;324;Carbonara;bari;BA;16,85;41,0833;Urbana;Traffico;ARPA Puglia;Locale;CO;26,72;50;µg/m³;FALSE;25;BUONA;30;14;48
13/07/2024;325;Caldarola;bari;BA;16,8829;41,118;Urbana;Traffico;ARPA Puglia;Locale;NO2;18,74;50;µg/m³;FALSE;10;OTTIMO;32;16;44
13/07/2024;326;Kennedy;bari;BA;16,8719;41,1171;Urbana;Traffico;ARPA Puglia;Locale;PM2.5;69,5;50;µg/m³;TRUE;65;DISCRETA;33;18;42
13/07/2024;327;Cavour;bari;BA;16,8719;41,1171;Urbana;Traffico;ARPA Puglia;Locale;PM10;40,69;50;µg/m³;FALSE;44;BUONA;31;10;45
13/07/2024;328;Carbonara;bari;BA;16,85;41,0833;Urbana;Traffico;ARPA Puglia;Locale;PM2.5;0,05;50;µg/m³;FALSE;2;OTTIMO;30;12;48
13/07/2024;329;CUS;bari;BA;16,8711;41,105;Urbana;Traffico;ARPA Puglia;Locale;PM2.5;84,79;50;µg/m³;TRUE;71;SCARSO;30;14;45
14/07/2024;330;Kennedy;bari;BA;16,8719;41,1171;Urbana;Traffico;ARPA Puglia;Locale;PM10;19,1;50;µg/m³;FALSE;7;OTTIMO;29;10;48
14/07/2024;331;CUS;bari;BA;16,8711;41,105;Urbana;Traffico;ARPA Puglia;Locale;PM2.5;38,92;50;µg/m³;FALSE;43;BUONA;31;16;42
14/07/2024;332;Carbonara;bari;BA;16,85;41,0833;Urbana;Traffico;ARPA Puglia;Locale;PM10;69,76;50;µg/m³;TRUE;52;DISCRETA;32;18;40
14/07/2024;333;Kennedy;bari;BA;16,8719;41,1171;Urbana;Traffico;ARPA Puglia;Locale;NO2;99;50;µg/m³;TRUE;74;SCARSO;30;12;45
14/07/2024;334;Cavour;bari;BA;16,8719;41,1171;Urbana;Traffico;ARPA Puglia;Locale;CO;69,26;50;µg/m³;TRUE;54;DISCRETA;29;14;48
15/07/2024;335;CUS;bari;BA;16,8711;41,105;Urbana;Traffico;ARPA Puglia;Locale;NO2;40,61;50;µg/m³;FALSE;22;BUONA;31;10;42
15/07/2024;336;Cavour;bari;BA;16,8719;41,1171;Urbana;Traffico;ARPA Puglia;Locale;CO;18,85;50;µg/m³;FALSE;11;OTTIMO;33;16;38
15/07/2024;337;Kennedy;bari;BA;16,8719;41,1171;Urbana;Traffico;ARPA Puglia;Locale;PM2.5;94,83;50;µg/m³;TRUE;93;SCARSO;32;18;40
15/07/2024;338;CUS;bari;BA;16,8711;41,105;Urbana;Traffico;ARPA Puglia;Locale;PM10;6,59;50;µg/m³;FALSE;1;OTTIMO;30;12;45
15/07/2024;339;CUS;bari;BA;16,8711;41,105;Urbana;Traffico;ARPA Puglia;Locale;PM10;76,64;50;µg/m³;TRUE;75;SCARSO;31;14;42
16/07/2024;340;CUS;bari;BA;16,8711;41,105;Urbana;Traffico;ARPA Puglia;Locale;NO2;8,3;50;µg/m³;FALSE;16;OTTIMO;33;10;38
16/07/2024;341;Kennedy;bari;BA;16,8719;41,1171;Urbana;Traffico;ARPA Puglia;Locale;NO2;13,17;50;µg/m³;FALSE;16;OTTIMO;34;16;35
16/07/2024;342;CUS;bari;BA;16,8711;41,105;Urbana;Traffico;ARPA Puglia;Locale;NO2;30,04;50;µg/m³;FALSE;40;BUONA;32;18;40
16/07/2024;343;Kennedy;bari;BA;16,8719;41,1171;Urbana;Traffico;ARPA Puglia;Locale;PM10;2,4;50;µg/m³;FALSE;2;OTTIMO;31;12;42
16/07/2024;344;CUS;bari;BA;16,8711;41,105;Urbana;Traffico;ARPA Puglia;Locale;PM10;86,87;50;µg/m³;TRUE;85;SCARSO;32;14;38
17/07/2024;345;Carbonara;bari;BA;16,85;41,0833;Urbana;Traffico;ARPA Puglia;Locale;PM2.5;21,74;50;µg/m³;FALSE;34;BUONA;34;10;35
17/07/2024;346;Kennedy;bari;BA;16,8719;41,1171;Urbana;Traffico;ARPA Puglia;Locale;PM10;67,23;50;µg/m³;TRUE;56;DISCRETA;35;16;32
18/07/2024;347;Carbonara;bari;BA;16,85;41,0833;Urbana;Traffico;ARPA Puglia;Locale;PM10;80,14;50;µg/m³;TRUE;82;SCARSO;31;14;40
18/07/2024;348;Kennedy;bari;BA;16,8719;41,1171;Urbana;Traffico;ARPA Puglia;Locale;PM10;41,76;50;µg/m³;FALSE;43;BUONA;33;10;35
18/07/2024;349;Cavour;bari;BA;16,8719;41,1171;Urbana;Traffico;ARPA Puglia;Locale;PM10;91,16;50;µg/m³;TRUE;96;SCARSO;34;16;32
18/07/2024;350;Caldarola;bari;BA;16,8829;41,118;Urbana;Traffico;ARPA Puglia;Locale;PM2.5;33,76;50;µg/m³;FALSE;37;BUONA;32;18;35
18/07/2024;351;Caldarola;bari;BA;16,8829;41,118;Urbana;Traffico;ARPA Puglia;Locale;PM2.5;52,49;50;µg/m³;TRUE;62;DISCRETA;31;12;38
19/07/2024;352;CUS;bari;BA;16,8711;41,105;Urbana;Traffico;ARPA Puglia;Locale;PM2.5;62,62;50;µg/m³;TRUE;51;DISCRETA;33;14;35
19/07/2024;353;Cavour;bari;BA;16,8719;41,1171;Urbana;Traffico;ARPA Puglia;Locale;NO2;80,61;50;µg/m³;TRUE;71;SCARSO;34;10;32
19/07/2024;354;Carbonara;bari;BA;16,85;41,0833;Urbana;Traffico;ARPA Puglia;Locale;CO;11,78;50;µg/m³;FALSE;7;OTTIMO;35;16;30
19/07/2024;355;Carbonara;bari;BA;16,85;41,0833;Urbana;Traffico;ARPA Puglia;Locale;CO;18,97;50;µg/m³;FALSE;6;OTTIMO;33;18;35
19/07/2024;356;CUS;bari;BA;16,8711;41,105;Urbana;Traffico;ARPA Puglia;Locale;PM10;81,3;50;µg/m³;TRUE;95;SCARSO;32;12;38
20/07/2024;357;Carbonara;bari;BA;16,85;41,0833;Urbana;Traffico;ARPA Puglia;Locale;NO2;0,44;50;µg/m³;FALSE;2;OTTIMO;34;12;53
20/07/2024;358;Carbonara;bari;BA;16,85;41,0833;Urbana;Traffico;ARPA Puglia;Locale;NO2;60,84;50;µg/m³;TRUE;69;DISCRETA;29;12;50
20/07/2024;359;Kennedy;bari;BA;16,8719;41,1171;Urbana;Traffico;ARPA Puglia;Locale;NO2;66,17;50;µg/m³;TRUE;55;DISCRETA;28;16;52
20/07/2024;360;Cavour;bari;BA;16,8719;41,1171;Urbana;Traffico;ARPA Puglia;Locale;PM10;61,78;50;µg/m³;TRUE;51;DISCRETA;30;18;48
20/07/2024;361;Kennedy;bari;BA;16,8719;41,1171;Urbana;Traffico;ARPA Puglia;Locale;NO2;91,32;50;µg/m³;TRUE;73;SCARSO;31;10;45
21/07/2024;362;CUS;bari;BA;16,8711;41,105;Urbana;Traffico;ARPA Puglia;Locale;PM10;85,59;50;µg/m³;TRUE;91;SCARSO;26;14;60
21/07/2024;363;Kennedy;bari;BA;16,8719;41,1171;Urbana;Traffico;ARPA Puglia;Locale;CO;79,09;50;µg/m³;TRUE;99;SCARSO;28;12;55
21/07/2024;364;Cavour;bari;BA;16,8719;41,1171;Urbana;Traffico;ARPA Puglia;Locale;PM2.5;6,72;50;µg/m³;FALSE;7;OTTIMO;27;16;58
21/07/2024;365;Caldarola;bari;BA;16,8829;41,118;Urbana;Traffico;ARPA Puglia;Locale;PM2.5;22,04;50;µg/m³;FALSE;49;BUONA;29;18;52
21/07/2024;366;Cavour;bari;BA;16,8719;41,1171;Urbana;Traffico;ARPA Puglia;Locale;PM10;61,9;50;µg/m³;TRUE;58;DISCRETA;30;10;50
22/07/2024;367;CUS;bari;BA;16,8711;41,105;Urbana;Traffico;ARPA Puglia;Locale;PM2.5;35,4;50;µg/m³;FALSE;31;BUONA;28;14;55
22/07/2024;368;Kennedy;bari;BA;16,8719;41,1171;Urbana;Traffico;ARPA Puglia;Locale;NO2;58,14;50;µg/m³;TRUE;55;DISCRETA;27;12;58
23/07/2024;369;Carbonara;bari;BA;16,85;41,0833;Urbana;Traffico;ARPA Puglia;Locale;CO;96,13;50;µg/m³;TRUE;75;SCARSO;29;16;52
23/07/2024;370;Carbonara;bari;BA;16,85;41,0833;Urbana;Traffico;ARPA Puglia;Locale;NO2;5,54;50;µg/m³;FALSE;20;OTTIMO;31;18;48
23/07/2024;371;Cavour;bari;BA;16,8719;41,1171;Urbana;Traffico;ARPA Puglia;Locale;NO2;11,56;50;µg/m³;FALSE;10;OTTIMO;30;12;50
23/07/2024;372;Cavour;bari;BA;16,8719;41,1171;Urbana;Traffico;ARPA Puglia;Locale;PM2.5;88,56;50;µg/m³;TRUE;86;SCARSO;28;14;55
23/07/2024;373;Caldarola;bari;BA;16,8829;41,118;Urbana;Traffico;ARPA Puglia;Locale;CO;96,15;50;µg/m³;TRUE;77;SCARSO;29;10;52
24/07/2024;374;Kennedy;bari;BA;16,8719;41,1171;Urbana;Traffico;ARPA Puglia;Locale;PM10;30,57;50;µg/m³;FALSE;38;BUONA;31;16;48
24/07/2024;375;Caldarola;bari;BA;16,8829;41,118;Urbana;Traffico;ARPA Puglia;Locale;PM2.5;91,17;50;µg/m³;TRUE;86;SCARSO;32;18;45
24/07/2024;376;Kennedy;bari;BA;16,8719;41,1171;Urbana;Traffico;ARPA Puglia;Locale;PM10;14;50;µg/m³;FALSE;3;OTTIMO;30;12;50
24/07/2024;377;CUS;bari;BA;16,8711;41,105;Urbana;Traffico;ARPA Puglia;Locale;NO2;72,42;50;µg/m³;TRUE;90;SCARSO;29;14;52
24/07/2024;378;Cavour;bari;BA;16,8719;41,1171;Urbana;Traffico;ARPA Puglia;Locale;PM10;25,3;50;µg/m³;FALSE;26;BUONA;30;16;48
25/07/2024;379;CUS;bari;BA;16,8711;41,105;Urbana;Traffico;ARPA Puglia;Locale;NO2;17,68;50;µg/m³;FALSE;12;OTTIMO;32;18;45
25/07/2024;380;Carbonara;bari;BA;16,85;41,0833;Urbana;Traffico;ARPA Puglia;Locale;NO2;83,52;50;µg/m³;TRUE;83;SCARSO;33;12;42
25/07/2024;381;CUS;bari;BA;16,8711;41,105;Urbana;Traffico;ARPA Puglia;Locale;PM10;84,33;50;µg/m³;TRUE;93;SCARSO;31;14;45
25/07/2024;382;CUS;bari;BA;16,8711;41,105;Urbana;Traffico;ARPA Puglia;Locale;NO2;3,72;50;µg/m³;FALSE;2;OTTIMO;30;16;48
25/07/2024;383;Caldarola;bari;BA;16,8829;41,118;Urbana;Traffico;ARPA Puglia;Locale;CO;39,82;50;µg/m³;FALSE;44;BUONA;29;18;50
26/07/2024;384;Kennedy;bari;BA;16,8719;41,1171;Urbana;Traffico;ARPA Puglia;Locale;PM2.5;4,88;50;µg/m³;FALSE;4;OTTIMO;31;12;45
26/07/2024;385;Kennedy;bari;BA;16,8719;41,1171;Urbana;Traffico;ARPA Puglia;Locale;PM10;7,18;50;µg/m³;FALSE;15;OTTIMO;32;14;42
26/07/2024;386;Carbonara;bari;BA;16,85;41,0833;Urbana;Traffico;ARPA Puglia;Locale;NO2;10,12;50;µg/m³;FALSE;20;OTTIMO;30;16;48
26/07/2024;387;Carbonara;bari;BA;16,85;41,0833;Urbana;Traffico;ARPA Puglia;Locale;PM10;81,52;50;µg/m³;TRUE;85;SCARSO;29;18;50
26/07/2024;388;Kennedy;bari;BA;16,8719;41,1171;Urbana;Traffico;ARPA Puglia;Locale;PM10;33,14;50;µg/m³;FALSE;33;BUONA;31;12;45
27/07/2024;389;Kennedy;bari;BA;16,8719;41,1171;Urbana;Traffico;ARPA Puglia;Locale;NO2;12,86;50;µg/m³;FALSE;19;OTTIMO;33;14;42
27/07/2024;390;Kennedy;bari;BA;16,8719;41,1171;Urbana;Traffico;ARPA Puglia;Locale;NO2;93,07;50;µg/m³;TRUE;75;SCARSO;32;16;40
28/07/2024;391;CUS;bari;BA;16,8711;41,105;Urbana;Traffico;ARPA Puglia;Locale;CO;95,33;50;µg/m³;TRUE;98;SCARSO;30;18;45
28/07/2024;392;Carbonara;bari;BA;16,85;41,0833;Urbana;Traffico;ARPA Puglia;Locale;CO;63,87;50;µg/m³;TRUE;63;DISCRETA;29;12;50
28/07/2024;393;Kennedy;bari;BA;16,8719;41,1171;Urbana;Traffico;ARPA Puglia;Locale;NO2;16,37;50;µg/m³;FALSE;12;OTTIMO;31;16;48
28/07/2024;394;Kennedy;bari;BA;16,8719;41,1171;Urbana;Traffico;ARPA Puglia;Locale;CO;43,83;50;µg/m³;FALSE;49;BUONA;32;18;45
28/07/2024;395;Carbonara;bari;BA;16,85;41,0833;Urbana;Traffico;ARPA Puglia;Locale;NO2;17,44;50;µg/m³;FALSE;14;OTTIMO;30;12;50
29/07/2024;396;Carbonara;bari;BA;16,85;41,0833;Urbana;Traffico;ARPA Puglia;Locale;CO;67,22;50;µg/m³;TRUE;64;DISCRETA;29;14;52
29/07/2024;397;Cavour;bari;BA;16,8719;41,1171;Urbana;Traffico;ARPA Puglia;Locale;PM2.5;57,22;50;µg/m³;TRUE;66;DISCRETA;30;16;48
30/07/2024;398;Carbonara;bari;BA;16,85;41,0833;Urbana;Traffico;ARPA Puglia;Locale;PM2.5;21,64;50;µg/m³;FALSE;45;BUONA;32;18;45
31/07/2024;399;Kennedy;bari;BA;16,8719;41,1171;Urbana;Traffico;ARPA Puglia;Locale;PM10;75,93;50;µg/m³;TRUE;95;SCARSO;33;12;42
31/07/2024;400;Caldarola;bari;BA;16,8829;41,118;Urbana;Traffico;ARPA Puglia;Locale;NO2;12,53;50;µg/m³;FALSE;0;OTTIMO;31;14;45
31/07/2024;401;CUS;bari;BA;16,8711;41,105;Urbana;Traffico;ARPA Puglia;Locale;PM10;22,57;50;µg/m³;FALSE;38;BUONA;30;16;48
;;;;;;;;;;;;;;;;;;;;
;;;;;;;;;;;;;;;;;;;;
;;;;;;;;;;;;;;;;;;;;
